"country","start_q","end_q","n_obs","n_slack","pct_slack","country_name"
"BA",2021-04-01,2025-10-01,19,8,42.1,"Bosnia & Herz."
"BG",2000-04-01,2026-01-01,104,53,51,"Bulgaria"
"EL",1998-04-01,2026-01-01,112,51,45.5,"Greece"
"HR",2002-04-01,2026-01-01,96,47,49,"Croatia"
"ME",2011-04-01,2021-01-01,40,21,52.5,"Montenegro"
"MK",2006-04-01,2026-01-01,80,41,51.2,"North Macedonia"
"RO",1998-07-01,2026-01-01,109,57,52.3,"Romania"
"RS",2010-07-01,2026-01-01,56,26,46.4,"Serbia"
"SI",1998-07-01,2026-01-01,109,59,54.1,"Slovenia"
